INSERT INTO BeerGeekRecipes.Comment (id, created, text, recipe_id, user_id) VALUES (1, '2019-01-31 21:18:36.409000', 'Dobre masz to piwo', 1, 4);
INSERT INTO BeerGeekRecipes.Comment (id, created, text, recipe_id, user_id) VALUES (2, '2019-01-31 21:18:53.070000', 'Ciekawe piwo ale zmienił bym czas wysładzania ', 3, 4);
INSERT INTO BeerGeekRecipes.Comment (id, created, text, recipe_id, user_id) VALUES (3, '2019-01-31 21:19:21.344000', 'Wole to piwo z otrębami pszennymi do śniadania ewentualnie naczczo', 2, 4);
INSERT INTO BeerGeekRecipes.Comment (id, created, text, recipe_id, user_id) VALUES (4, '2019-01-31 21:27:36.629000', 'Czesc co sądzicie o moim piwie ?', 8, 5);
INSERT INTO BeerGeekRecipes.Comment (id, created, text, recipe_id, user_id) VALUES (5, '2019-01-31 21:27:53.909000', 'No pięknie to uwarzyłeś', 5, 5);
INSERT INTO BeerGeekRecipes.Comment (id, created, text, recipe_id, user_id) VALUES (6, '2019-01-31 21:28:13.140000', 'Super piwo czy mogę poprosić o 20 butelek za darmo ?', 1, 5);
INSERT INTO BeerGeekRecipes.Recipe (id, dateTime, materials, process, recipeName, style_id, user_id) VALUES (1, '2019-01-31 21:09:06.121000', 'Słody
słód pilzneński 1,8kg
słód monachijski 2,7kg
słód karmelowy ciemny 0,15kg
słód karmelowy jasny 0,2kg
słód palony z Żywca 0,2kg
Płatki owsiane błyskawiczne 0,1kg
Chmiele
Chmiel Marynka 20g
Chmiel Lubelski 10g
Drożdże
Drożdże WLP830 German Lager ', 'Zacieranie
66°C-wsypane słody
62°C - 30min
62°C - 72°C
72°C - 35°C
76°C - 15°C
Wysładzanie:
ok.7l wody o temp 75°C do uzyskania:
16l – 17,5°Blg w kotle warzelnym
oraz 1,3l o gęstości 10,5°Blg jako rezerwa do refermentacji
Chmielenie
Marynka -20g – 60min
Lubelski- 10g – 15min
Fermentacja
Brzeczka nastawna : 19,5°Blg
objętość początkowa ok 14l
Burzliwa - 23dni –temp.8°C-12°C
Cicha - 20 dni –7°C-10°C
Brzeczka nastawna: 19,5°Blg
Brzeczka po burzliwej: 6,5°Blg
Brzeczka końcowa : 6,0°Blg
Rozlew

Wyszło ok. 13l piwa

Refermentacja: 65g glukozy ', 'Czar Baltyku', 4, 2);
INSERT INTO BeerGeekRecipes.Recipe (id, dateTime, materials, process, recipeName, style_id, user_id) VALUES (2, '2019-01-31 21:10:26.901000', 'Słody

słód pale ale 5,0kg

Słód Caramunich II 0,3kg

Belgijski słód palony 0,2kg

Słód palony z Żywca 0,2kg

słód Carafa I 0,2kg

Płatki jęczmienne 0,4kg
Inne dodatki

Laktoza 0,5kg
Chmiele

Chmiel Marynka granulat 30gr
Drożdże

Drożdże Fermentis Safale S-04 ', 'Zacieranie

60°C - wsyp

67°C - 60 min, próba jodowa

słód barwiący – podnoszenie temperatury do 76°C

76°C - 10 minut

filtracja
Wysładzanie

3 X 5 L
Gotowanie

Marynka – 60 min

Laktoza – 15 min
Fermentacja

Fermentacja w temperaturze 20°C

Ekstrakt końcowy: 6°Blg
Rozlew

glukoza 6 gram/litr ', 'Milk stout do platkow owsianych', 9, 2);
INSERT INTO BeerGeekRecipes.Recipe (id, dateTime, materials, process, recipeName, style_id, user_id) VALUES (3, '2019-01-31 21:11:32.876000', 'Słody

słód pale ale 5,0kg 83,33 %

słód monachijski 0,7kg 11,67 %

słód Carapils 0,3kg 5,00 %
Chmiele

Chmiel Amarillo (granulat, 8,5%)- 105g

Chmiel Cascade (granulat, 5,5%)- 20g

Chmiel Cascade (szyszka, 5,5%)- 50g


Drożdże

Drożdże Wyeast 1272 American Ale II
Inne

1 łyżeczka gipsu piwowarskiego do wody do zacierania ', 'Zacieranie

68°C 60 min

76°C 10 min

wysładzanie wodą ok. 78°C
Czas gotowania

70 min
Chmielenie

35g Amarillo - 60min

30g Amarillo - 30min

30g Amarillo - 15min

10g Amarillo - 1min

20g Cascade - 1min

50g Cascade (szyszka) - tydzień chmielenia na zimno
Fermentacja
Rozlew

ok 1 litr syropu z wody i 130 g cukru. ', 'Yankes powa', 1, 2);
INSERT INTO BeerGeekRecipes.Recipe (id, dateTime, materials, process, recipeName, style_id, user_id) VALUES (4, '2019-01-31 21:15:17.689000', 'Słody

słód wiedeński Weyermann 4,0kg

słód monachijski Weyermann 2,0kg

słód carahell 0,2kg

słód caramunich typ I 0,25kg

słód zakwaszający 0,1kg
Chmiele

Chmiel Hallertau Tradition - 30g

Chmiel Saaz - 20g
Drożdże

Drożdże Wyeast 2124 Bohemian Lager
Inne dodatki

mech irlandzki 7g ', 'Zacieranie

22 wody zacierania

- 40°C – wsypane słody

- 54°C - 10 min

- 63°C - 40 min

- 72°C - 20 min

- 76°C -
Wysładzanie

22 l wody 76°C
Czas gotowania

60 minut
Chmielenie

60 min – Hallertauer Tradition

20 min – Saaz
Inne

Mech Irlandzki – 7g – 15 min
Fermentacja

Fermentacja burzliwa 18 dni - 9-10°C

Lagerowanie - 21 dni ', 'Pils Jak Szatan', 10, 3);
INSERT INTO BeerGeekRecipes.Recipe (id, dateTime, materials, process, recipeName, style_id, user_id) VALUES (5, '2019-01-31 21:16:43.754000', 'Surowce
Słody

słód pilzneński 3,0kg

słód pszeniczny 2,5kg

pszenica prażona 0,7kg

płatki pszenne 1,2kg

płatki owsiane 0,65kg

płatki jęczmienne 0,4kg

słód Carahell 0,1kg
Chmiele

Hallertau spalt 4% 60gr

Chmiel Saaz (Żatecki) 30g
Drożdże

Drożdże Wyeast 3787 Trappist High Gravity
Inne dodatki

Kolendra - 13g

Curaçao - 50g ', 'Zacieranie

53°C zasyp

65°C 40 min

71°C 30 min

podgrzanie do 78°C


Czas gotowania

70 minut
Chmielenie

Hallertau spalt 4% 30gr początek

Hallertau spalt 4% 30gr 30 min.

Saaz 30gr 10 min.

kolendra 13gr 12 min. /koniecznie wyjąć z gara po tych 12 minutach/

curacao 50gr 12 min. ', ' łan Pszenicy', 17, 3);
INSERT INTO BeerGeekRecipes.Recipe (id, dateTime, materials, process, recipeName, style_id, user_id) VALUES (6, '2019-01-31 21:17:13.886000', 'Słody

słód wiedeński 2,10kg

słód monachijski typ 1 2,00kg

słód monachijski typ 2 2,00kg

słód Specjal B 0,20kg

słód kawowy 250 EBC 0,10kg


Chmiele

Chmiel Hallertau Hersbrucker - 30g

Chmiel Hallertau Tradition - 26g


Drożdże

Drożdże WLP 838 Southern German Lager
Inne dodatki

mech irlandzki 5g ', 'Zacieranie

Słody wsypane do wody o temp 50°C i ustalenie na 48°C - 10 min

64°C-62°C – 30 min

dekokt - zagotowanie i gotowanie 20 min

zwrot

72°C – 30 min

78°C – wysładzanie


Chmielenie

Tradition 26g - 60 min

Hersbrucker 30g - 20 min

mech irlandzki 5g - 20 min
Fermentacja

Użyto gęstwy WLP 838 Southern German Lager Fermentacja burzliwa 14 dni w temp. 9-12°C Fermentacja cicha 28 dni ', 'Kozioł alpejski', 5, 3);
INSERT INTO BeerGeekRecipes.Recipe (id, dateTime, materials, process, recipeName, style_id, user_id) VALUES (7, '2019-01-31 21:18:25.379000', 'Słody

słód pale ale 10,0 kg

słód monachijski 7,0kg

Jęczmień palony 1,2kg

Słód Caraaroma 1,0kg

Słód Caramunich II 1,0kg

płatki pszenne 0,8kg

płatki owsiane 0,8kg

płatki jęczmienne 0,8kg

słód Carafa I 0,8kg
Chmiele

Chmiel Marynka 7%AA - 160g

Chmiel Lubelski 3,5%AA - 120g
Drożdże

Drożdże WLP004 Irish Ale ', 'Zacieranie

Infuzyjne w temp. 66-67°C - 90 min.
Czas gotowania

180 minut
Chmielenie

Dodajemy chmiel Marynka - 160 g - w 90 minucie gotowania.

Dodajemy chmiel Lubelski - 120 g - w 170 minucie gotowania.
Fermentacja

Fermentacja burzliwa: 21 dni w temp. 14-15 °C,

Fermentacja cicha: 21 dni w temp. 14-15°C. ', 'Eksterminator', 13, 4);
INSERT INTO BeerGeekRecipes.Recipe (id, dateTime, materials, process, recipeName, style_id, user_id) VALUES (8, '2019-01-31 21:26:00.000000', 'Słody

słód wiedeński 3,0kg

słód monachijski 4,0kg

słód pilzneński 1,0kg

słód karmelowy jasny 0,5kg

słód Caraaroma 0,5kg

słód Biscuit 0,2kg

Jęczmień palony 0,2kg


Chmiele

Chmiel Marynka szyszki - 20g

Chmiel Lubelski szyszki - 30g
Drożdże

Drożdże Wyeast 2206 Bavarian Lager
Inne dodatki

Ekstrakt słodowy ciemny WES 1,7kg dodany na 10 minut przed końcem gotowania ', 'Zacieranie

zacieranie w lodówce turystycznej 120 min 70-65°C


Czas gotowania

60 minut
Chmielenie

20g Marynki na 60 minut

30g Lubelskiego na 10 minut


Fermentacja

4 tygodnie burzliwej w temp około 7°C zeszło do 7blg , 3 tyg cichej zeszło do 6 blg
Rozlew

Butelkowane z 3,6g cukru/l ', 'Sztorm', 18, 5);
INSERT INTO BeerGeekRecipes.Style (id, beerStyle, styleProposition) VALUES (1, 'Indian Pale Ale', true);
INSERT INTO BeerGeekRecipes.Style (id, beerStyle, styleProposition) VALUES (2, 'Pale Ale', true);
INSERT INTO BeerGeekRecipes.Style (id, beerStyle, styleProposition) VALUES (3, 'Ale', true);
INSERT INTO BeerGeekRecipes.Style (id, beerStyle, styleProposition) VALUES (4, 'Baltic Porter', true);
INSERT INTO BeerGeekRecipes.Style (id, beerStyle, styleProposition) VALUES (5, 'Bock', true);
INSERT INTO BeerGeekRecipes.Style (id, beerStyle, styleProposition) VALUES (6, 'Dubel', true);
INSERT INTO BeerGeekRecipes.Style (id, beerStyle, styleProposition) VALUES (7, 'Double Milk Indian Pale Ale', true);
INSERT INTO BeerGeekRecipes.Style (id, beerStyle, styleProposition) VALUES (8, 'Imperial Oyster Stout', true);
INSERT INTO BeerGeekRecipes.Style (id, beerStyle, styleProposition) VALUES (9, 'Milk Stout', true);
INSERT INTO BeerGeekRecipes.Style (id, beerStyle, styleProposition) VALUES (10, 'Pils', true);
INSERT INTO BeerGeekRecipes.Style (id, beerStyle, styleProposition) VALUES (11, 'Porter', true);
INSERT INTO BeerGeekRecipes.Style (id, beerStyle, styleProposition) VALUES (12, 'Rauch Bock', true);
INSERT INTO BeerGeekRecipes.Style (id, beerStyle, styleProposition) VALUES (13, 'Russian imperial Stout', true);
INSERT INTO BeerGeekRecipes.Style (id, beerStyle, styleProposition) VALUES (14, 'American Stout', true);
INSERT INTO BeerGeekRecipes.Style (id, beerStyle, styleProposition) VALUES (15, 'Belgian Dubbel', false);
INSERT INTO BeerGeekRecipes.Style (id, beerStyle, styleProposition) VALUES (16, 'German Pilsner', false);
INSERT INTO BeerGeekRecipes.Style (id, beerStyle, styleProposition) VALUES (17, 'Hefe-Weizen', false);
INSERT INTO BeerGeekRecipes.Style (id, beerStyle, styleProposition) VALUES (18, 'Lager', false);
INSERT INTO BeerGeekRecipes.User (id, about, admin, breweryName, created, email, emailPrivate, enabled, equipment, login, name, password, surname) VALUES (2, 'I am the Greatest Beer Geeks of all time !', false, 'GeekMacabre', '2019-01-31 21:06:25.504000', 'BeerGeek1@bg', true, true, 'Grainfather', 'BeerGeek1', 'Geek1', '$2a$10$D0ofy/MkpOl.VkjODPlolO65VZUoy0hPcG0/UZPUb47kcwWMs9f3S', 'Geek1');
INSERT INTO BeerGeekRecipes.User (id, about, admin, breweryName, created, email, emailPrivate, enabled, equipment, login, name, password, surname) VALUES (3, null, false, null, '2019-01-31 21:14:05.138000', 'BeerGeek2@br', true, true, null, 'BeerGeek2', null, '$2a$10$OBLMeW8/jZgfiU9UVIyym.bT8SxDvr0xDznSefiz2zZe8hE1aZlBa', null);
INSERT INTO BeerGeekRecipes.User (id, about, admin, breweryName, created, email, emailPrivate, enabled, equipment, login, name, password, surname) VALUES (4, null, false, null, '2019-01-31 21:17:53.302000', 'BeerGeek3@bg', true, true, null, 'BeekGeek3', null, '$2a$10$0lQ0bVTxNwLYaGie8u.Lge2hCBiK/PkOPl4xb3YC5GqFhChceHHgO', null);
INSERT INTO BeerGeekRecipes.User (id, about, admin, breweryName, created, email, emailPrivate, enabled, equipment, login, name, password, surname) VALUES (5, null, false, null, '2019-01-31 21:22:56.265000', 'adam@adam', true, true, null, 'adam', null, '$2a$10$XNw6N.bwF0W4YRpzpLvIMe42QAMPCBC4g5om.FNrI00m9sf6JUE6i', null);
INSERT INTO BeerGeekRecipes.User (id, about, admin, breweryName, created, email, emailPrivate, enabled, equipment, login, name, password, surname) VALUES (6, null, true, null, '2019-01-31 21:24:37.720000', 'admin@admin', true, true, null, 'admin', null, '$2a$10$b0df7HqQOWPQV6IWVULONO16RDs5/2cKErUOE6tdCOqQJqKWTExz.', null);